{
  "format_version": 2,

  "header": {
    "description": "Carson's standard Yeemgu resource pack V2",
    "name": "Yeemgu V2",
    "uuid": "1ad37131-6fd3-4191-b430-5b1672d7a345",
    "version": [ 1, 16, 0 ],
    "min_engine_version": [ 1, 13, 0 ]
  },
  "modules": [
    {
      "description": "A darker alternative to the vanilla user interface! Created by Offroaders123 for Minecraft Bedrock Edition",
      "type": "resources",
      "uuid": "6f1aa51c-5fe8-43dd-8895-21e6e718f3ba",
      "version": [ 1, 16, 0 ]
    }
  ],
  "metadata": {
    "authors": [
      "Carson Carter"
    ],
    "url": "https://sites.google.com/view/the-melon-slice/home"
  }
}

// Created by Offroaders123 for the Dark Mode resource pack for Minecraft Bedrock Edition.
